ID,Recency,Frequency,Monetary
00005241,4.270291,-24.495451,4770.528
00006668,7.6612706,-20.560186,9557.853
00010801,10.683796,-15.009726,12093.653
00011235,8.274048,-16.692335,9128.9
00011914,8.875337,-18.288286,13426.442
00012249,3.103605,-24.58054,6484.43
00016666,5.2757835,-23.889189,3972.797
00018163,9.570588,-16.243353,6596.517
00019863,5.284303,-25.786648,6208.1533
00020066,2.573363,-21.971268,3989.5159
00020220,9.274778,-16.657747,20555.29
00020459,10.643073,-18.808565,39324.06
00020695,8.817048,-16.440434,7469.48
00020694,8.221586,-18.1075,9636.449
00020800,4.118721,-23.453691,8306.319
00020848,4.6646028,-22.904453,1858.9175
00020869,4.4169564,-22.893038,772.0793
00021951,4.8766236,-24.722065,10985.008
00022514,6.301234,-20.58918,4282.045
00022629,2.6811166,-26.16651,13935.169
00022934,4.478139,-22.400276,2535.0369
00023068,9.990264,-14.328936,14528.348
00023206,3.790662,-21.97988,1464.265
00023464,9.784931,-16.164886,10144.704
00023661,4.56119,-23.836437,3741.238
00023695,10.489759,-15.741699,10491.314
00023801,8.507443,-18.971853,9443.294
00023863,3.8369403,-23.97407,5997.302
00024532,9.32374,-17.18772,8553.848
00024914,4.7990217,-23.010864,2436.823
00025058,8.581973,-16.757376,16679.172
00025096,3.812793,-23.394136,-72.52163
00025386,3.4196446,-23.975866,3335.4128
00025566,4.651792,-24.951542,8106.821
00025683,10.2535,-17.086536,11411.181
00025805,4.343969,-23.121834,3272.756
00026000,6.836652,-20.278831,14354.538
00026062,9.249381,-15.577129,5726.7866
00026321,10.561278,-14.658623,8178.651
00026499,7.6892605,-19.63596,8115.175
00026550,9.062848,-20.12762,15738.651
00026243,8.603741,-17.68263,7774.4087
00026335,9.098506,-16.674217,7549.0024
00026908,3.866646,-26.524897,8865.783
00028546,9.562912,-17.145844,8964.517
00028653,11.036422,-16.204386,9026.883
00029018,10.775118,-12.52252,6803.0024
00029116,3.6442866,-22.498882,-573.49274
00029209,7.7274404,-17.622797,4471.1265
00029366,10.460055,-15.37639,8185.677
00029421,10.666021,-16.39961,11638.614
00029599,6.94093,-22.157072,7032.7036
00029964,7.5070486,-22.053152,6413.0176
00030045,9.569629,-14.082703,9821.623
00030106,2.8290412,-24.80411,11340.805
00030908,11.574223,-14.07329,10717.166
00032100,9.920217,-14.705214,12060.315
00032664,3.6125882,-25.478758,9058.504
00032826,9.9571,-16.376019,12917.947
00032896,9.855605,-16.550642,11925.358
00033169,5.830843,-20.484737,4309.0454
00033268,9.514842,-15.161072,9579.524
00033660,6.3285384,-23.35481,13070.739
00036450,4.8915834,-24.118011,2987.3462
00038386,4.1480103,-25.17261,2757.8555
00038682,4.6405787,-23.901438,1864.6841
00039215,9.992745,-14.871813,6426.474
00039932,6.8522773,-23.22868,6954.1655
00040068,3.6872535,-21.86039,1457.3302
00040150,4.269196,-23.061453,5142.061
00040181,7.114403,-19.23517,10393.956
00040198,9.314719,-15.446379,13692.073
00040242,3.6143413,-24.098906,8684.901
00040266,3.9477808,-23.153383,4188.9565
00040488,4.3487697,-22.885927,2882.6973
00040662,5.725863,-22.302303,10109.809
00040906,10.718087,-14.806885,9738.571
00041133,2.7836914,-20.22837,4077.2761
00041161,9.344356,-15.92956,10762.798
00041263,8.546134,-17.193321,10472.798
00041636,6.151098,-24.958773,25760.463
00042093,8.237794,-16.939524,5914.2983
00042208,9.524029,-15.362251,11742.864
00042666,10.19364,-17.164856,21223.104
00042856,3.9870827,-21.43568,2037.4987
00042949,4.7635098,-23.10182,2752.7559
00043113,5.82318,-20.461746,4481.868
00043342,4.371926,-23.646786,4858.777
00043359,2.9907045,-21.566092,3611.5237
00043462,9.959524,-18.007204,21707.59
00043854,4.0931597,-25.365143,8959.117
00043861,5.056033,-23.320818,3462.2673
00043915,4.4978375,-21.150461,1739.4836
00044363,5.6486197,-22.917057,9328.905
00045308,8.071441,-17.381649,6497.9585
00045366,9.685853,-16.257605,13463.188
00045506,9.511406,-16.144846,7846.106
00045611,5.228163,-23.226496,3240.831
00045956,10.827988,-15.56259,11100.1875
00046145,7.3965116,-18.557959,6107.245
00046466,7.8076844,-19.387716,7387.76
00046855,4.6108756,-23.75741,3193.6428
00046916,6.374477,-24.45338,18701.57
00046992,4.834633,-25.741987,7755.355
00046066,10.093397,-14.198393,8092.751
00046241,10.086239,-15.741552,8931.004
00046340,10.2554655,-16.10234,8475.143
00046548,4.804739,-24.25347,5761.351
00046814,8.31699,-19.77643,7532.6836
00048101,8.833748,-16.549889,4655.275
00048149,9.327372,-15.548691,8680.428
00048216,8.020448,-18.576456,14922.261
00048286,4.638876,-24.008057,2155.5737
00048491,10.929109,-17.011934,11968.422
00048590,10.804035,-18.772215,19401.61
00048668,11.295962,-15.032644,10322.467
00048866,7.1348867,-22.218203,8807.666
00048910,5.6602526,-24.179102,3392.595
00049061,4.345184,-24.516186,2824.7305
00049108,5.8029695,-20.662752,4485.112
00049122,9.6508255,-16.675705,13546.787
00049596,4.3205104,-25.222597,2609.8948
00050081,3.4682195,-23.412949,7063.08
00050111,3.9575431,-20.270748,3128.8474
00050821,4.490931,-20.158121,2940.7336
00050920,9.943917,-16.53418,14622.264
00050982,8.739287,-17.085901,7645.3945
00051346,4.1190968,-23.43994,5010.387
00054249,9.588246,-15.534103,12189.985
00054362,3.666589,-25.530882,9993.116
00055130,7.635634,-18.56617,5268.2114
00056595,8.958734,-18.907051,11292.096
00056601,9.268416,-18.17574,9733.424
00056915,4.6728816,-23.401073,4641.1655
00056922,6.590562,-22.677292,8582.745
00056028,3.5241663,-23.58507,3565.8513
00056486,9.630744,-17.5477,11400.866
00056509,4.0599213,-25.258379,10057.956
00056615,4.4198594,-22.729115,3064.2437
00056606,3.9924269,-21.06361,1389.1163
00056638,8.415494,-19.242287,8699.314
00056851,10.959887,-16.252245,9434.967
00058536,6.3446846,-21.822418,4949.4395
00058568,3.5375376,-23.559027,3852.5903
00058698,5.1937985,-24.230057,4773.8813
00058659,10.425088,-17.257782,14747.004
00059138,10.516805,-14.001419,9333.925
00059398,8.778817,-18.837103,11238.837
00059992,3.5689213,-23.394804,5758.5527
00060554,7.9140296,-19.229162,14192.752
00061604,9.8816185,-16.083576,9686.922
00061628,3.5516648,-19.398819,2976.296
00063326,5.172509,-22.03896,3550.313
00065245,8.369778,-17.571426,7611.0225
00066259,5.724056,-21.769667,10211.164
00066594,5.2752905,-25.206955,13082.192
00066662,4.816024,-24.277842,5263.3447
00066661,4.4576488,-24.029985,6636.343
00066566,9.865257,-17.32757,12080.908
00068024,2.833485,-23.394812,7820.7236
00068069,7.2735586,-19.196665,11518.979
00068543,3.7413821,-24.500298,8127.114
00068604,4.5839677,-25.18072,7751.1147
00069136,7.141859,-20.84066,18933.215
00069953,4.762502,-23.111794,3160.7725
00060560,3.5527635,-20.812836,6787.236
00060584,8.478314,-17.940527,14030.324
00060606,4.9440637,-21.508547,3621.8425
00060805,9.072317,-16.744118,7631.754
00060928,9.683615,-16.358875,10668.721
00061093,7.826423,-20.61677,31317.94
00061168,8.744036,-15.785431,7663.1416
00061284,8.316066,-17.675829,9366.866
00062045,4.908443,-22.191994,8985.385
00062892,4.75044,-23.325424,5772.0186
00063011,-0.23116143,-34.51354,39392.484
00064353,9.647944,-16.525314,11363.71
00064445,9.649445,-16.32826,9031.668
00064568,3.3283699,-20.820192,2883.2627
00064611,9.50853,-18.127028,14940.437
00064696,8.514981,-18.06567,7959.2905
00064902,4.1834416,-19.873356,3984.0947
00065008,8.470212,-16.793379,14531.682
00065265,9.773224,-15.89707,9650.425
00065305,10.042265,-15.069988,8045.1123
00065459,4.463316,-23.692621,3537.174
00065602,9.730784,-17.22469,11017.1455
00065954,10.029513,-16.692669,9955.719
00066043,2.773532,-23.524473,9509.976
00066180,4.8591013,-23.64258,3579.3816
00066623,4.288162,-23.377968,6932.619
00066654,4.798127,-23.537392,4346.5034
00080842,5.591545,-22.215532,10186.122
00081108,5.9945188,-20.314661,6967.026
00081252,8.977099,-16.63573,6959.932
00081269,9.200887,-15.652018,8379.173
00081365,4.6616464,-22.31456,3228.1287
00081412,9.152834,-17.485136,15248.797
00081924,4.639505,-22.144508,6832.7764
00082228,1.353589,-30.528772,27701.447
00082389,4.176978,-21.98118,1847.3397
00082990,9.498523,-17.741604,13755.726
00083010,3.2109818,-22.748829,10801.833
00083102,2.5558171,-26.496445,18594.943
00083140,7.155788,-19.654531,7431.2886
00083638,4.349633,-23.531103,6676.0522
00085136,8.329406,-17.812948,14275.186
00085168,4.3396854,-23.158731,2881.1147
00085229,5.6643696,-21.051012,3496.8105
00086240,9.152992,-17.541893,8316.629
00086400,4.818046,-24.792,9635.456
00086882,5.173987,-21.79151,1509.3958
00086981,4.3593473,-22.728975,6273.5464
00086001,3.9914968,-22.532415,6500.771
00086018,6.480353,-19.543362,5216.431
00086049,2.6502671,-26.45259,12616.324
00086162,8.274803,-19.271826,14373.289
00088008,3.5489976,-22.586054,4508.604
00088039,6.018804,-20.233116,2725.3572
00088183,5.1004295,-23.85177,5602.087
00088343,5.199466,-23.48044,2822.2905
00088435,9.123431,-17.618858,7714.572
00088541,6.429581,-23.086794,7869.4956
00088848,10.536063,-16.396133,11059.446
00089203,9.950856,-15.705196,7353.3306
00089639,4.626393,-25.56528,8353.039
00090629,9.927019,-16.424992,12201.099
00090643,5.247657,-22.026094,4992.49
00091206,7.383192,-18.864922,12120.446
00091343,7.7527013,-19.74916,16770.324
00092043,4.290568,-24.486057,18206.531
00095906,9.557314,-17.85473,15460.866
00096093,6.6206837,-20.7469,5833.96
00098946,8.508107,-20.834072,16221.64
00099621,4.133558,-22.525265,7530.5054
00099690,10.076998,-18.524866,11117.241
00100021,10.188188,-14.058702,12264.756
00100465,5.4898663,-21.76667,5450.382
00100588,11.332237,-13.411833,10342.886
00100861,9.96881,-19.626995,31560.72
00100960,10.278777,-15.217167,8891.392
00101042,2.347063,-25.905876,11283.558
00101981,11.26651,-15.026188,14991.974
00101998,8.614896,-17.58046,9379.224
00102032,3.8799694,-24.000412,9266.19
00102100,8.972499,-16.130947,7541.032
00102216,6.9602866,-19.40404,11820.843
00102292,10.35924,-17.145021,25688.867
00102308,8.426166,-16.879702,5487.03
00102628,11.646559,-14.506283,18198.293
00102803,2.3532896,-28.595224,18766.537
00103015,4.521909,-21.883968,1640.8757
00103053,8.193804,-18.513731,21337.416
00103066,2.8156545,-24.689667,4667.7827
00103350,10.361946,-16.965778,21262.947
00103618,8.975381,-17.656015,8654.033
00103663,4.2857714,-22.978546,990.02057
00103800,7.337226,-20.304594,6800.5845
00104036,3.48824,-22.506573,-164.57825
00105002,10.370211,-14.004597,10324.069
00105286,10.345049,-14.803419,9240.807
00106266,10.123923,-15.126991,8367.186
00106412,3.0515916,-19.993372,-286.67136
00106662,9.505793,-17.958939,8330.061
00106849,11.845647,-13.902124,11098.9
00106586,3.274573,-25.817818,4654.8667
00106839,6.2978253,-22.916662,9638.549
00106966,7.6388245,-21.326853,9547.821
00108843,9.928328,-18.451427,11386.848
00109628,11.763058,-14.539322,14513.47
00110969,4.0893216,-23.630945,3613.2727
00110990,10.30931,-15.23114,9172.417
00113151,8.073795,-18.011204,7016.178
00114295,1.6969144,-30.43602,18711.441
00116350,4.0767784,-27.505346,14038.288
00116893,10.770749,-16.230082,9928.222
00116946,11.575008,-14.938763,13186.039
00116163,10.908177,-14.838995,13821.647
00116364,6.1645007,-24.010126,17067.332
00116968,10.658201,-17.2616,16156.678
00118160,3.1549785,-27.503736,10143.677
00118698,3.5276105,-24.087164,1266.8921
00118811,4.5074234,-23.783705,3164.6946
00119283,10.734992,-16.221035,12426.38
00119634,9.506912,-21.255596,26645.152
00119656,8.611517,-19.373323,6287.409
00119969,5.1387095,-27.545147,20287.094
00120258,5.3808312,-21.463585,3546.7717
00121354,3.035704,-23.956285,7462.557
00121514,6.7780604,-20.99234,11425.331
00123166,4.068096,-24.39462,12753.621
00125192,4.17654,-24.410982,2288.7532
00128469,9.163389,-17.5215,9727.668
00128696,7.7100625,-21.903421,13793.859
00129632,3.4974942,-25.560936,8369.681
00131841,4.198797,-22.604633,5309.976
00131862,8.269804,-20.600561,22040.947
00133226,2.3364093,-28.01945,19815.234
00134941,9.323777,-18.117294,11613.8125
00136051,9.319726,-16.677021,10782.23
00136143,6.084851,-21.833601,10784.12
00136164,2.2877917,-34.509964,50686.445
00136235,10.813579,-14.342735,10631.946
00136263,3.7594094,-27.884773,18261.291
00136303,10.552515,-15.0072365,9857.179
00136334,3.3207219,-26.988958,11101.683
00136461,4.154112,-24.415695,4620.3647
00136822,11.10814,-16.468037,16223.858
00136026,4.170106,-23.440132,4513.7305
00136928,10.607707,-23.25436,52762.023
00138123,8.192015,-20.104136,22563.361
00139526,7.221305,-20.841816,5368.9185
00139846,9.465224,-18.49536,9937.668
00139861,10.9648695,-16.839575,9838.957
00140369,9.856442,-15.30006,9624.183
00140461,5.0455546,-23.49233,13074.923
00141949,6.7326894,-20.552383,8327.239
00142038,2.8843775,-25.06013,9273.349
00143360,9.591173,-16.6859,8473.827
00143516,10.875055,-14.599016,9812.9375
00143683,5.622442,-22.249023,5236.9517
00146005,3.086558,-24.55391,7970.7925
00146432,4.1750417,-25.026304,7127.9243
00146293,4.0431986,-25.759098,5647.2705
00146910,1.9826068,-33.2451,30099.137
00148640,9.756504,-18.593914,11432.515
00149164,9.208211,-17.9596,12894.788
00151153,9.2639065,-16.205254,8831.248
00151832,9.653116,-16.055151,8479.26
00152525,7.521926,-19.56236,7225.7666
00152884,6.6336317,-20.668154,8172.137
00153393,3.6808095,-23.434938,5372.584
00153454,6.5184383,-21.540937,10418.608
00154093,1.2967288,-31.73001,25210.105
00154192,6.4111733,-22.061275,13057.599
00154550,8.084523,-19.993198,13074.673
00154689,4.4109864,-23.375338,3128.5962
00154932,7.57807,-20.14419,9222.336
00154960,8.234422,-19.130354,7329.304
00155144,8.5245495,-18.41513,16055.872
00155168,2.8769274,-22.159555,3323.3945
00155182,8.533318,-18.708282,13235.421
00155533,3.3287988,-22.053366,5775.7837
00155694,9.841066,-16.756695,10304.27
00156448,3.9508812,-23.937246,4159.7363
00156493,7.1764307,-20.648092,6403.2812
00156509,8.797265,-17.689867,6680.136
00156568,5.17034,-22.97113,3863.5837
00156615,3.9509552,-24.03829,6912.2783
00156666,7.5482984,-19.729414,5616.499
00156346,6.890733,-21.165201,9958.341
00156919,9.872326,-17.316395,12427.7705
00158282,8.3075695,-20.64137,15093.94
00158565,4.165523,-22.958746,1950.8035
00158626,9.466585,-18.782589,16090.192
00158688,4.0051537,-26.508234,9183.626
00159135,2.8831482,-29.60928,25272.457
00159401,4.6058483,-22.951931,3296.7063
00159425,9.890289,-16.956894,9742.207
00160360,8.828261,-17.74722,11509.074
00160889,9.164221,-19.181458,26884.705
00161084,2.5118275,-23.108356,8941.808
00161152,2.9612954,-21.308863,6514.321
00161366,5.158823,-27.014975,40059.473
00161381,6.1816697,-21.410707,9074.215
00161404,7.7184086,-19.37749,10155.393
00161526,4.605294,-23.56637,6087.5137
00161541,7.6605215,-19.757893,12451.644
00162486,4.211266,-23.465527,4103.3374
00162555,7.1453586,-19.98492,7823.8135
00163590,2.1864996,-30.119751,23683.977
00163863,4.72732,-21.873661,2339.7473
00164252,9.491534,-17.18503,12608.396
00165560,4.4495883,-21.234121,1719.2351
00166188,4.097442,-23.665478,2052.9104
00166324,9.309664,-17.995222,16718.77
00166690,6.99087,-21.53563,7298.7847
00166805,5.015204,-23.783419,6032.9263
00166610,4.09689,-22.138014,5961.702
00169966,7.9701014,-22.056824,17040.145
00160016,4.579569,-21.81368,2786.8723
00160215,5.0544014,-21.929377,3033.8909
00160366,9.348194,-16.494205,9928.999
00160603,8.456201,-19.434614,19811.38
00160634,4.6067734,-21.109344,3935.1921
00160949,6.358949,-20.656744,6996.798
00161556,3.4503427,-22.664053,7324.138
00161868,8.458518,-17.388712,7836.4897
00161885,5.8381753,-20.947199,5333.3506
00161892,6.0153155,-20.890528,5386.0454
00162264,8.475584,-18.017004,7750.623
00162325,4.806044,-21.955126,2979.0818
00162523,4.331398,-22.727646,6848.2905
00163018,4.452386,-22.204042,2194.551
00163339,4.103241,-21.127235,1469.9857
00163360,7.961079,-19.13916,7921.587
00163445,8.566934,-18.863693,12843.794
00163452,4.4549417,-21.947796,3926.8342
00163604,7.8896527,-19.331728,8299.449
00165364,4.172131,-21.160341,1344.1713
00168143,8.436122,-18.452375,7011.6514
00180464,3.136495,-24.066349,11981.381
00180955,9.683885,-15.85759,10771.134
00181402,9.455833,-17.436811,14080.188
00183031,6.212858,-21.379498,8994.82
00183161,4.5064616,-24.738487,9987.399
00183468,8.976086,-17.676884,9827.458
00184182,2.4394698,-26.105267,15694.021
00184561,6.517631,-21.138365,7276.8306
00186339,8.208147,-18.710772,8814.022
00186299,4.4442873,-26.549517,21686.553
00186463,4.5987935,-22.56219,2801.5156
00188852,7.522711,-22.102219,13743.891
00190138,9.358689,-15.668512,9712.492
00190411,8.310999,-18.361725,8101.1846
00190459,8.607664,-17.428633,8456.725
00190695,4.240972,-20.954168,3329.723
00190686,5.1095924,-22.656096,11595.854
00190916,4.2916865,-18.177128,1836.3248
00191050,8.242947,-18.264614,8915.326
00191159,4.3147535,-22.487568,4412.116
00191265,7.1107917,-20.633213,13016.806
00191593,4.2901087,-19.516151,1285.6501
00192538,9.822047,-16.577326,11458.311
00194600,7.8480067,-20.954561,17734.373
00194668,5.20808,-23.512598,12554.87
00195058,8.649282,-17.721224,13995.073
00195062,3.4089267,-21.828968,5964.8975
00195195,6.106152,-22.213917,8195.2295
00195584,6.5011835,-21.402363,8543.406
00195651,9.165786,-17.934439,11466.81
00195812,8.8317175,-18.253752,8958.149
00196024,9.554113,-16.079023,8041.3286
00196093,2.6652222,-22.404861,7862.4297
00196215,6.9659038,-20.864038,10104.315
00196566,7.0874743,-24.812588,33615.824
00196666,7.999621,-20.08828,14001.111
00196663,7.655882,-20.00623,8893.554
00196634,9.650659,-17.13462,9008.388
00196665,7.86231,-19.467411,8206.041
00196895,7.260722,-20.33354,7104.128
00196006,8.746293,-17.611921,14755.536
00196038,9.167156,-16.367535,7171.339
00196669,9.134506,-17.948692,10719.661
00196946,4.409987,-21.760895,3954.9565
00196960,5.9583306,-23.522871,7758.4023
00198126,9.5955105,-16.925919,14849.263
00198653,4.669308,-24.901861,8069.9087
00199056,9.050368,-17.473274,9699.65
00199346,9.215083,-18.490446,13238.76
00199360,5.2131004,-24.80011,5895.63
00199384,4.3651304,-22.529398,2521.754
00199469,8.718468,-18.859533,7468.701
00199513,8.706835,-19.715128,11128.663
00199599,8.603542,-18.725105,7506.1836
00199612,8.026507,-20.541088,9321.213
00199810,7.324622,-22.887243,13197.18
00199995,9.28424,-19.2877,13259.53
00200066,3.5213113,-24.604498,4925.4204
00200356,8.027847,-18.369896,7887.269
00200813,4.186895,-23.633327,5241.8853
00201056,9.8159685,-15.89958,21239.455
00202190,9.769621,-16.681446,12580.207
00203639,8.278854,-18.631832,9304.096
00203838,6.1971073,-21.423517,7415.4746
00204040,9.156578,-16.6274,6676.2017
00204446,10.700325,-15.209383,10666.41
00204636,6.2660327,-21.398163,5114.395
00205115,4.405757,-24.383192,12960.526
00205206,10.740905,-13.947232,8592.338
00205504,10.765394,-15.671898,12485.803
00205689,4.0194945,-26.120394,12871.715
00205640,4.2376018,-26.34747,10564.037
00205825,11.540853,-14.740448,13720.043
00205863,11.441049,-14.691622,11620.04
00205894,7.038004,-22.252668,14042.47
00206655,7.535507,-20.10511,7215.15
00206669,10.75558,-15.365402,9979.1455
00206623,10.005027,-20.745651,31623.535
00206126,10.215828,-16.469473,24180.572
00208420,9.501613,-18.173323,9135.594
00210188,3.4274094,-25.027533,6304.299
00211069,3.7578304,-25.403229,14928.219
00211482,2.6341972,-22.031242,4759.0825
00211634,3.3080451,-22.857857,5627.885
00213301,1.5128913,-29.431372,22343.967
00214148,10.527576,-14.483959,12349.355
00214339,6.2678695,-21.201517,6772.378
00214544,10.265888,-17.660809,22130.6
00216449,5.959278,-22.14519,4082.0457
00216531,2.67704,-30.90264,22255.92
00216936,8.319835,-18.646898,6722.4053
00216293,6.3767614,-22.020561,5867.2466
00216361,11.2307,-15.579792,13435.142
00216538,3.2710397,-24.847227,4739.298
00218619,6.1356826,-22.771479,8196.956
00219044,3.2709017,-24.52698,3285.4285
00219259,5.5591416,-22.636095,4498.551
00219310,4.9579215,-25.03189,5861.9336
00219389,9.352178,-18.002338,12849.829
00219560,11.067596,-16.55093,10825.775
00219616,7.335052,-23.345732,22049.9
00219646,8.174481,-19.851198,7477.512
00220026,8.993939,-15.90004,9316.355
00220149,9.357169,-15.942759,9805.949
00220385,2.4901147,-18.68995,-740.1124
00220682,3.2080493,-23.932968,7877.283
00220636,5.7664247,-21.486216,6257.6016
00220828,3.233282,-21.213806,3818.3733
00220863,9.584805,-18.44457,26093.023
00221166,10.8751545,-13.892618,9843.363
00221610,4.5937376,-23.479479,5507.87
00222204,5.9659696,-21.473953,6552.814
00222609,4.084909,-23.060772,3550.7676
00225588,6.0930243,-21.568981,5217.292
00225660,8.859995,-19.948872,17494.121
00226663,11.176727,-15.237455,9905.44
00226919,3.167186,-22.969902,4034.372
00229593,3.0462534,-23.693817,3735.15
00230483,10.452261,-15.080282,11330.841
00232012,8.61549,-17.51316,11911.35
00232265,1.2237214,-22.905348,10551.444
00232333,9.00885,-19.164782,24589.861
00232494,6.676338,-20.25008,5492.52
00233262,8.042231,-19.899485,14326.701
00233484,8.40264,-18.386478,9018.449
00233606,8.055063,-19.836378,13192.712
00234466,10.401936,-16.128918,12394.517
00234664,9.174575,-17.77513,12676.728
00235228,6.3117027,-23.35208,29928.543
00235419,10.859877,-15.195572,14769.269
00235586,3.670212,-24.935507,4832.225
00235616,5.966811,-23.689398,16655.873
00235648,9.116298,-18.646906,15891.494
00236348,9.223891,-17.568035,10625.625
00236645,11.082999,-15.958981,16088.305
00236864,6.197105,-22.870247,10197.786
00236130,10.552334,-16.1153,14352.295
00236154,6.9470363,-20.885942,7444.7417
00238168,2.8106833,-27.0924,8949.911
00238243,3.7226245,-26.557734,8156.857
00238618,4.2857385,-25.409704,6358.22
00239448,10.851503,-15.882891,12054.018
00245456,3.93808,-23.942167,4220.571
00245524,3.114414,-20.140999,2227.5867
00246651,4.970161,-25.189806,12025.93
00248655,5.8664656,-22.711632,5207.4033
00248952,4.600258,-23.34915,2996.047
00249850,6.9922695,-22.281467,6775.315
00250245,8.284422,-18.24032,8503.755
00250860,4.614959,-20.44214,1651.7804
00251402,5.012597,-23.260983,5533.4023
00251426,8.192275,-18.869333,9879.947
00252898,9.616803,-15.986444,9581.462
00253093,10.196839,-15.578897,8321.584
00254669,2.8146594,-29.25443,23867.654
00255966,4.379291,-23.52251,3543.4785
00256254,9.565127,-17.440823,10549.385
00258066,10.6137705,-15.172319,11277.659
00258163,10.237647,-17.162693,16568.494
00258180,4.232075,-24.37018,4182.408
00258555,3.5428448,-26.566706,10053.017
00260091,9.642128,-16.299742,8919.035
00262026,5.118749,-22.396872,5552.4526
00265613,3.7042403,-26.17852,13307.084
00266444,5.873476,-23.566751,13130.677
00266960,8.315515,-19.535477,7658.0884
00268645,7.5436234,-20.283411,6351.3774
00269032,10.381646,-15.925308,9239.941
00269414,10.420866,-17.173,12849.576
00260083,6.829699,-21.294943,15399.313
00260212,5.348298,-21.877453,3229.273
00260236,9.118831,-17.34227,12913.435
00260600,4.5861487,-22.208475,8217.092
00260686,3.5908644,-21.804361,5739.5386
00261219,5.059784,-22.431284,2611.7659
00261622,8.184854,-18.861917,10610.731
00261836,6.56856,-20.583252,7714.511
00264999,10.399787,-15.382839,11807.23
00269024,3.1439145,-22.677065,5776.055
00281699,7.25749,-21.188118,23248.605
00284196,3.486981,-25.651606,9938.908
00285896,2.0414276,-25.878447,16181.988
00288606,4.836368,-24.654085,6762.047
00288835,4.527535,-25.049208,8225.7295
00289365,4.2136626,-23.343168,3354.2263
00289450,4.656777,-24.72864,7158.0522
00291216,4.6064377,-24.075527,8431.966
00291636,5.1485868,-23.353088,11849.09
00292306,7.176325,-20.598932,8602.4375
00292336,8.381878,-19.071001,12039.402
00292504,8.819043,-18.14718,9287.78
00293044,3.5677793,-25.593012,12849.674
00293303,8.167441,-19.240517,7308.9824
00293389,9.5368395,-16.867907,10001.332
00296106,4.7077208,-23.913635,6134.568
00296311,5.2073607,-24.692844,11313.7295
00298956,3.9099267,-23.536057,7263.514
00299893,7.890338,-20.01486,6246.345
00300285,10.562258,-15.254478,12316.247
00300650,3.400291,-23.308073,6248.7456
00300635,6.7967215,-20.432487,9396.448
00300696,9.054129,-16.83876,11344.363
00301404,11.161503,-14.961,14641.62
00302012,7.1917343,-19.727892,8151.29
00302135,9.854296,-16.279541,14685.122
00302646,10.693022,-15.599659,14278.252
00302814,11.52101,-14.032862,11050.587
00302845,3.469723,-22.05884,2133.341
00302890,4.202166,-23.124966,2143.6118
00303262,10.869388,-15.801033,15152.085
00303514,9.7298155,-17.230225,11607.555
00303606,3.491474,-26.12956,8985.957
00303668,5.4410157,-22.547255,7137.225
00303650,9.17093,-18.110525,14954.218
00303666,3.1257026,-22.191313,1367.7018
00303863,3.8028688,-21.869696,317.7682
00303880,4.3071303,-22.57604,835.8045
00303910,9.696094,-17.707304,17108.291
00304092,9.003186,-19.606293,27243.139
00304245,3.741488,-24.619593,3429.7017
00304464,10.156982,-16.60806,13054.342
00304528,6.972872,-22.996138,24550.387
00304695,2.1529922,-28.779488,14926.33
00304832,6.90593,-20.994102,9637.23
00305020,3.9669032,-24.740616,4467.455
00305166,9.328109,-17.133526,10224.504
00305211,4.049748,-25.050262,5232.5767
00305228,11.795093,-13.389883,13221.133
00305358,3.4052236,-23.206276,457.10004
00306996,10.395362,-15.83622,10460.349
00306444,11.345793,-15.305267,10704.365
00306451,10.379107,-16.71012,10650.731
00308359,10.144296,-16.756609,11612.88
00308363,9.475758,-18.03995,9738.534
00308410,11.300025,-16.643522,18315.123
00308462,10.743329,-16.328247,11727.255
00309448,12.045955,-14.202217,11049.3955
00309998,3.8195682,-26.990982,8302.514
00310918,8.116224,-19.04827,14430.516
00311021,3.8426034,-24.72288,6858.2026
00311662,4.7794685,-22.790104,4260.784
00311960,9.785538,-15.670416,8213.801
00312431,3.740273,-21.932434,2696.479
00312486,3.262568,-22.249264,1249.0688
00312653,4.309431,-24.652964,10632.105
00313223,3.8293579,-21.969145,1220.9064
00313246,10.921157,-14.509668,9187.942
00313406,7.5206494,-20.009453,6609.6704
00313490,3.328918,-24.695047,6698.9478
00313988,8.223514,-18.41242,10478.35
00315661,10.159761,-16.96592,14859.719
00315691,9.374376,-17.190905,8304.759
00316699,2.4052737,-27.12043,9540.8125
00318211,3.916476,-22.84373,1433.1583
00319613,12.043916,-14.832098,12433.877
00319829,9.928477,-18.922152,21478.3
00319850,7.9897666,-20.581743,6835.5576
00320046,8.482947,-17.533108,10837.477
00320626,9.674944,-16.3875,10259.0625
00321341,3.7499306,-24.553944,7730.9067
00321396,11.01341,-14.4775715,11381.006
00321433,2.4092796,-27.573198,16563.89
00321860,3.4911373,-24.15677,8830.931
00322010,6.348921,-21.540436,8478.989
00322156,4.63419,-23.569962,2989.6345
00322188,5.4710755,-22.640696,6166.7847
00322201,8.213882,-19.33849,11362.876
00322620,10.740447,-15.204451,10508.278
00322966,2.0429027,-29.199844,19287.28
00323369,2.1614327,-20.305008,841.59314
00325042,6.021358,-22.341516,6804.2856
00325301,5.0181594,-23.92523,3743.9932
00325929,11.649232,-14.209154,11326.095
00326001,7.5162234,-19.794361,5807.555
00326018,3.4434924,-24.908777,4705.577
00326060,10.850902,-15.836668,12424.275
00326438,9.746117,-17.55658,11023.04
00326889,8.390187,-18.549147,8550.125
00326933,10.827933,-15.801167,12652.4
00328524,10.243552,-17.657244,14174.5205
00329002,4.7847366,-25.437174,16514.895
00329224,11.171502,-15.573931,12755.556
00331646,9.929706,-16.464672,14048.0205
00332118,6.9037313,-19.76768,4159.4834
00332262,9.390238,-17.167393,9130.964
00333320,4.2789555,-22.029432,2876.3528
00336696,9.881103,-18.149277,20627.305
00336151,3.4447553,-23.254622,3942.4734
00336165,4.0405674,-25.798311,7084.5503
00336182,8.36835,-21.090166,21726.615
00336616,3.9921017,-24.703707,5378.4824
00338360,4.540008,-24.05436,1914.8611
00338509,9.901158,-17.647303,10797.614
00338606,11.947299,-14.619583,10883.217
00339060,7.840773,-23.092121,27673.182
00339391,3.7373853,-26.295458,6783.6714
00339896,3.8058155,-24.493387,3031.9507
00340625,10.4793625,-15.31016,10940.4
00341256,4.298939,-22.97611,2331.6182
00342060,4.2541304,-23.818012,4853.844
00342148,10.0612545,-15.882744,12276.492
00342193,3.830005,-26.243895,16142.939
00342223,8.858147,-18.63732,13203.801
00344043,10.529879,-15.652805,12199.333
00344388,3.4986084,-22.830954,2106.0823
00344684,4.149684,-23.590504,3884.0674
00348362,4.421456,-24.626448,3606.6577
00349856,11.049072,-16.277332,15392.803
00351218,7.2832417,-20.164337,10352.344
00352069,5.3616147,-22.567095,4205.576
00353540,9.694491,-18.970844,25743.623
00353656,3.631352,-25.550941,9887.014
00353694,9.755355,-16.470827,11121.119
00353908,3.878378,-24.519176,9018.989
00354028,3.2291732,-20.633854,1132.5061
00355230,10.169796,-18.00695,18407.715
00355322,9.587633,-18.120264,12788.456
00355536,9.703198,-17.343784,10591.699
00356220,9.219609,-19.553455,18239.45
00356159,7.344625,-20.605295,8461.05
00362266,6.080572,-21.275223,3539.9412
00362344,9.128716,-18.255108,14144.29
00363296,3.0581882,-23.370005,6049.9556
00364881,10.211076,-15.870527,10757.284
00366540,10.065176,-17.017942,10624.815
00366431,10.19988,-17.269457,11538.022
00366851,4.7074375,-22.207508,2595.8364
00368322,10.17811,-18.194292,15841.434
00368568,10.61548,-16.615837,12989.886
00368664,9.093487,-18.199913,8497.452
00369166,4.2201786,-26.231277,9630.417
00365320,8.170113,-19.667803,8099.563
00380355,8.47402,-18.06206,8569.386
00380393,9.539509,-16.251925,8970.425
00380613,5.0380707,-22.793722,7276.8975
00380881,2.6017075,-23.936405,15139.726
00380942,6.61144,-25.880775,45728.004
00381185,4.084839,-24.060127,7403.244
00381482,3.1343825,-19.66564,4501.877
00382618,6.2849708,-21.674118,8407.381
00383585,8.679386,-17.751385,7333.049
00384940,2.9351187,-24.607302,15656.231
00386234,3.3565388,-25.740873,12492.48
00386804,10.003982,-17.00094,8462.284
00386828,4.8207383,-23.820389,4924.001
00388626,2.8230853,-19.48607,3626.2256
00390061,6.8103313,-20.559626,7295.028
00391146,3.6138508,-18.648802,1300.163
00391481,3.9713087,-22.589159,8156.1406
00392495,0.67903954,-30.615591,29237.984
00392662,8.742302,-18.249687,12520.386
00393996,8.095848,-18.7518,11798.475
00395182,7.1996193,-20.898987,8611.61
00396246,4.5321207,-24.164408,5404.404
00396391,8.836231,-21.445261,29641.248
00396862,4.5375514,-24.169542,7697.3804
00396988,8.359737,-18.6585,7933.808
00399064,1.8518907,-30.527544,22773.025
00399142,8.804314,-20.3535,15113.384
00399180,8.37541,-20.064554,9802.503
00399226,3.6556087,-27.667286,13684.901
00399326,7.6333175,-23.911966,32659.057
00399401,8.269887,-21.242939,15251.296
00399425,4.9979777,-23.432722,3824.314
00399449,9.790021,-18.419651,14124.874
00399838,6.6843686,-21.77191,6230.53
00402061,8.94163,-17.973673,8810.073
00404495,11.379053,-14.51318,11652.628
00405843,11.92305,-14.079044,12806.3125
00405935,5.6340756,-22.873798,8459.335
00409803,3.7806005,-23.460346,2799.2505
00409889,2.858249,-24.830145,3193.5635
00410403,10.819462,-15.112478,10146.843
00410434,9.712328,-20.45935,40452.586
00411035,3.0299175,-25.636044,9037.388
00411386,5.6325254,-22.175577,7712.277
00412100,2.5308378,-27.905209,16881.512
00414425,3.6653361,-22.107525,1274.3998
00414609,7.3978806,-20.68985,9995.167
00415484,11.57684,-14.473558,11483.959
00416206,6.7482753,-22.109562,12088.184
00416665,9.997297,-18.256243,21348.879
00416020,2.181308,-25.68734,11222.811
00418683,7.439814,-20.37497,6279.9854
00418864,10.189837,-16.807665,11366.6875
00420099,6.027303,-23.077293,15517.482
00420655,9.095629,-17.299778,11544.067
00420669,8.876778,-18.614134,20723.82
00420914,2.1116168,-23.144651,11801.868
00421263,8.732819,-17.80224,7438.8447
00421294,10.456839,-15.920929,14625.743
00422000,8.568045,-18.735939,10322.291
00422123,4.0556912,-25.033907,6683.2036
00422662,10.406014,-15.435604,10925.432
00423014,3.1572115,-28.548668,25971.535
00423304,0.62475485,-29.896896,25187.904
00423396,3.6577313,-24.06006,2610.3765
00424162,10.8904705,-16.316906,16354.005
00424288,10.567376,-15.66707,9498.066
00424295,8.187729,-19.18071,9424.388
00424356,4.45713,-25.301897,12129.723
00424523,6.8024974,-21.121435,6256.7935
00424646,3.0422866,-24.922556,8101.2676
00424645,10.205203,-16.319283,11164.358
00425964,4.4336023,-23.297539,1708.7524
00426008,6.176203,-21.455027,2902.542
00426053,11.131041,-15.715183,14720.332
00426206,6.1501503,-22.690636,5810.709
00426265,8.550845,-18.83882,6969.051
00426282,3.8495474,-25.441727,5023.4253
00426299,5.5910892,-23.029415,6733.755
00426350,7.960039,-21.778532,21850.94
00426364,8.459352,-19.01168,7825.821
00426381,8.088835,-19.825283,10088.686
00426596,10.907175,-15.345768,10488.714
00426619,11.106879,-15.652418,11575.494
00426626,9.917073,-17.018778,8655.748
00426632,9.841551,-17.33309,11046.197
00426824,11.378676,-16.233131,20604.25
00426848,8.55144,-18.862572,9852.921
00426869,4.6235423,-24.456612,9539.807
00426909,5.196237,-23.368395,4424.6465
00426946,11.848344,-14.363884,13740.386
00426012,9.484597,-18.201595,14259.086
00426029,11.492777,-13.776194,8884.771
00426159,10.263603,-16.81354,14093.005
00426531,9.130162,-18.683681,10362.695
00426586,2.6304789,-24.43135,5788.3506
00429986,9.757094,-18.21739,15180.859
00430128,9.96218,-16.210848,13325.345
00431859,5.3692517,-22.967058,12615.515
00432009,6.3892007,-20.666157,4162.11
00432085,2.4624016,-26.199194,11185.006
00432900,5.1115627,-22.413326,3579.602
00432969,3.7100306,-21.975946,1472.1238
00433136,6.6273837,-22.187473,12783.125
00433164,3.9408004,-25.05047,5466.0225
00433594,9.968016,-16.183584,10167.155
00433648,10.379545,-17.152426,20626.719
00433609,7.1060977,-20.315542,5782.3325
00436083,8.713844,-18.990417,8978.874
00436631,8.582288,-18.989357,9162.354
00436004,10.831319,-15.7797165,13482.585
00436493,1.7055022,-25.587711,11930.28
00436653,3.7005215,-23.612373,4277.037
00436691,4.3166556,-25.136953,7084.1616
00436865,4.0974727,-23.488739,2050.0254
00438896,3.1584125,-23.542551,3647.4724
00439169,3.7066548,-26.29519,4335.971
00439625,10.870007,-16.3032,10374.573
00439862,9.391927,-18.360865,11572.14
00441896,10.739821,-14.723764,12885.417
00442459,11.179617,-14.733084,11892.022
00442466,3.0994887,-21.03214,2607.922
00442558,2.4638226,-28.138031,16314.719
00443104,10.687074,-15.535887,9621.0205
00443531,6.130998,-21.821163,5631.804
00444514,3.8878076,-22.593357,4687.916
00445443,8.418844,-18.955137,7140.3306
00445450,6.549552,-23.245388,18942.844
00445464,9.004393,-18.009161,8415.692
00445481,10.359391,-16.352253,11515.515
00445498,8.538769,-18.403616,7653.0347
00445511,11.127696,-15.413214,9806.711
00446082,2.7945757,-20.148916,193.52597
00446419,6.324634,-22.211292,5594.073
00446655,2.6023705,-26.590658,12966.044
00446188,4.9509807,-24.044632,4321.8457
00446225,9.410116,-19.070574,15514.262
00446260,5.897289,-23.552872,10712.933
00446331,10.835323,-17.144741,16712.941
00446485,8.493796,-19.037,8274.652
00448635,3.8615494,-24.670876,5891.396
00448666,4.0621233,-23.776655,2489.7366
00448932,3.3522444,-28.35403,15508.58
00452144,7.4975,-20.378807,9809.566
00453219,9.3122015,-17.946703,12600.881
00454169,2.7379189,-24.411009,7227.3564
00454650,3.9685917,-21.571144,3890.157
00454666,10.551625,-15.804745,12328.38
00460061,5.244348,-23.540422,11763.768
00462365,5.880153,-23.506897,17871.062
00462822,4.75144,-23.72363,7577.1885
00462891,8.657273,-17.97163,11902.051
00463805,7.901626,-19.256773,6941.2197
00465120,5.010698,-27.376564,29231.336
00468618,6.2532,-22.86086,8791.933
00469814,11.229184,-15.921022,11463.453
00460865,8.77428,-17.427412,10577.588
00461886,7.0023456,-19.308956,4480.896
00461946,7.2122874,-19.373598,5898.5366
00462241,4.3292646,-21.074377,3379.8804
00462616,4.1160097,-25.156254,11032.173
00462623,4.86273,-23.113155,6163.8516
00462654,2.3919213,-29.918339,28446.877
00466696,3.547674,-23.768017,5982.3247
00468182,9.006639,-18.916677,9357.422
00468229,8.058762,-20.570494,9168.023
00468342,9.61126,-18.053034,8742.607
00468458,8.54181,-19.623898,10412.973
00480604,4.033475,-23.329737,10801.804
00482400,2.7108436,-20.743082,10388.859
00482469,5.5921836,-23.108242,13075.238
00483421,7.533647,-20.564413,10707.851
00483445,4.4925623,-25.104963,12234.594
00484121,5.3682623,-23.334116,4549.4946
00484992,3.2183392,-22.657124,9102.433
00486408,4.595945,-24.789068,7290.1953
00489133,5.887947,-23.437096,4047.0498
00489161,9.565525,-18.314121,9009.524
00489188,6.5468845,-22.547962,8170.413
00489201,4.8792577,-23.473825,5042.5938
00490962,8.266067,-17.813969,7995.1343
00491341,5.0888677,-20.281483,2036.638
00494066,9.035597,-20.695364,29323.205
00494090,9.372081,-17.915987,11178.015
00494624,8.106087,-19.403505,9247.915
00495158,3.6958473,-26.442898,11572.754
00496956,8.613942,-18.952526,12161.053
00496121,4.33535,-22.933699,6419.823
00496869,7.6906776,-20.37575,11736.159
00502139,9.741272,-17.394447,16273.341
00502443,7.43085,-19.806612,6173.1553
00502563,4.4854035,-23.924936,6381.728
00504195,3.4984336,-24.400421,1910.7712
00504256,11.71495,-14.516798,11422.797
00504468,3.3625655,-24.909573,3449.577
00504553,6.866669,-20.844198,6067.558
00506618,12.5113,-13.97971,14252.895
00511445,3.428253,-21.66395,1788.8645
00512909,6.3584914,-21.686535,10027.114
00515030,9.230725,-19.360968,15544.906
00515320,3.55308,-26.790136,10639.743
00515900,10.066972,-17.146877,12516.373
00516440,2.6524725,-26.404432,11788.283
00516464,7.283167,-21.277393,11309.557
00516461,3.0071378,-20.55088,-431.5771
00516609,3.6918597,-22.839952,1535.1572
00516921,2.3287406,-30.11692,20594.053
00516140,3.6437047,-25.614841,6458.953
00516935,9.736022,-18.726486,20284.682
00518208,2.6836183,-22.385315,2028.5314
00518641,5.2687616,-23.567339,3478.1672
00518888,9.267417,-17.785143,8681.728
00519631,5.647684,-23.538012,5618.8643
00520010,3.3206437,-24.731684,10250.024
00520058,3.6291232,-25.305782,6464.3354
00520850,4.229386,-23.910797,6870.325
00520942,10.1713505,-15.58024,11263.355
00524094,4.1103907,-24.232353,1521.4077
00524964,10.503117,-16.768545,19890.326
00525008,8.048872,-20.853712,22900.582
00525251,8.765418,-19.513548,13934.826
00525558,10.113785,-17.955734,20245.186
00526064,7.2355876,-20.794992,4843.7725
00526968,6.5760617,-21.38761,7802.1855
00526026,9.559731,-18.327045,14267.614
00528146,9.946875,-17.844965,9663.184
00528166,1.4947606,-25.04551,8638.406
00528436,10.657396,-16.88756,11945.864
00528563,8.370129,-20.365637,15062.76
00529630,8.17416,-19.803854,5801.3574
00529661,10.434289,-16.606531,9017.207
00529815,3.5290205,-23.550669,4100.5054
00530958,4.305795,-22.061543,1688.6316
00530965,4.255921,-22.149729,2731.505
00531466,7.8739657,-19.046427,8301.0
00531498,9.807462,-17.254637,18593.95
00531626,3.8403447,-29.002563,38254.598
00532303,7.637518,-19.939598,6499.9766
00532495,10.003501,-16.240616,11287.504
00532648,3.6375055,-22.57608,3277.1274
00532662,3.2900548,-23.852211,7940.375
00532693,8.76861,-18.140085,12858.513
00533515,6.0174475,-22.497654,8271.454
00533665,3.80019,-24.836073,6573.9795
00534109,2.757532,-25.67738,9974.411
00534659,8.30011,-18.97459,9373.1
00534610,4.4272094,-23.169018,5213.596
00534819,6.1438456,-22.064047,7420.614
00535090,7.181241,-20.829853,6605.3896
00536363,7.9119916,-20.185566,9276.332
00536585,9.245919,-22.901142,46143.508
00536621,11.303317,-15.806953,14833.247
00536169,5.404533,-23.481882,4198.4917
00536642,7.223848,-21.672623,12865.658
00536858,3.236208,-22.927952,3149.4153
00536919,8.218036,-19.295132,6368.6533
00538923,11.352438,-16.74717,21368.06
00538930,4.2590985,-22.416792,2661.6968
00539163,3.953324,-25.693623,4408.0156
00539486,8.022054,-20.295689,9350.918
00539494,9.269775,-18.109497,7130.369
00539500,7.3738766,-21.325806,5195.8477
00539586,3.014814,-22.13535,674.13824
00539593,8.4213,-21.726542,25146.94
00539654,10.762651,-16.39632,10203.87
00539913,4.324332,-25.244253,6388.6226
00539936,9.059961,-21.649418,32314.967
00539968,6.256811,-23.39447,15276.8125
00540018,10.15074,-15.772848,8608.253
00540086,9.647094,-17.055387,13192.797
00540216,2.1508875,-23.191074,10921.389
00540643,9.888243,-16.87242,15950.779
00540611,7.3516994,-20.047445,9953.78
00541855,3.6622212,-23.60997,7364.8003
00542333,10.635828,-15.748795,10421.8
00542361,6.471673,-21.578714,9462.556
00542395,10.756352,-15.404835,12801.051
00543651,10.604789,-16.412943,16741.3
00543699,3.3457496,-21.75474,1154.1661
00543811,6.5245633,-21.835957,10607.014
00543926,2.0505612,-17.87757,1992.9152
00544068,9.17943,-18.128208,9889.2
00544511,7.633023,-20.530954,9842.184
00544634,7.6882224,-20.445217,11958.581
00545631,4.835465,-23.921812,4442.0093
00545661,8.942545,-18.211975,9848.571
00545884,10.535331,-15.473501,9229.124
00545891,10.235785,-15.98171,9954.275
00545921,9.257709,-17.602997,7860.8047
00545952,3.4252713,-23.06724,6802.5474
00546065,7.5819483,-20.487656,5925.4614
00546208,3.6882596,-26.858114,9420.838
00546291,8.092282,-20.244131,11165.13
00546314,8.602988,-20.203417,13158.125
00546680,9.893105,-19.328756,26922.24
00548396,3.5528708,-23.664663,1737.2266
00548410,3.5733624,-23.587399,6815.715
00548960,9.698495,-17.922003,13299.06
00549493,10.601741,-16.542725,10260.247
00549530,4.138408,-21.611198,1031.7126
00550634,4.988917,-22.045588,2814.0122
00551489,4.386388,-23.247719,2100.8618
00552455,2.777711,-22.251614,7037.4893
00553223,5.207224,-23.295517,3325.5176
00556665,2.5216038,-19.488647,1328.6312
00556842,3.7396607,-24.283075,8394.327
00556941,10.775497,-16.429686,15988.125
00556801,9.463614,-18.359583,11347.897
00556818,7.9504886,-20.078667,8467.623
00558068,7.3711963,-23.634743,27797.014
00558065,6.7442665,-22.13324,6637.322
00558082,10.605256,-16.62917,8952.899
00558105,9.362877,-19.005566,10201.305
00558211,5.4683313,-24.034645,4106.8384
00558341,2.7211118,-27.789331,15618.824
00558623,11.393078,-15.434502,10270.69
00559119,9.329125,-19.336567,15736.417
00559645,6.1515713,-22.557735,4027.6985
00559620,7.9437156,-20.197922,5501.8716
00561082,7.266399,-20.595287,11024.614
00561365,4.4898944,-24.523682,10533.899
00561362,6.985299,-20.932205,11858.618
00563168,4.339037,-24.204409,3770.5713
00563564,8.526851,-18.423082,8991.278
00565448,4.1737995,-22.262709,1814.6526
00565638,8.548634,-18.687994,7921.06
00566985,4.046492,-23.332087,4164.6216
00568555,9.548197,-18.653408,14355.012
00568586,4.452931,-25.30709,8756.297
00568890,4.4212723,-27.672546,22452.83
00569216,2.911025,-29.137346,16295.781
00569248,3.4098964,-27.590721,10927.063
00569583,6.7107663,-22.357311,10289.882
00569996,2.7296305,-19.404673,104.19014
00560565,9.421938,-18.094143,20560.27
00561234,3.582589,-24.799696,11490.464
00562842,4.5282845,-20.82536,3446.3694
00562866,3.735646,-20.448555,3045.146
00562996,5.2130265,-22.634607,8749.835
00563306,8.022152,-19.861967,9073.269
00563633,5.751864,-22.3943,6565.766
00563886,10.553984,-15.346703,11529.853
00564280,8.34225,-19.129921,8954.497
00564616,9.695332,-17.716236,13685.836
00565010,9.653349,-18.329075,11092.334
00565355,7.68177,-19.959385,5796.9033
00565416,4.901739,-23.795908,4740.3916
00565666,7.9337873,-19.575958,9042.373
00565928,3.5735629,-22.124075,5920.1055
00566048,8.001199,-20.848604,12603.612
00566536,1.7040124,-27.225266,18991.412
00566604,4.0846825,-22.057278,5260.7397
00566642,9.786659,-17.785992,13032.595
00566014,7.1310196,-21.858013,6791.62
00566632,10.417574,-16.672335,9713.509
00568523,9.822392,-18.082794,11151.6045
00568608,8.592085,-21.744867,25278.92
00569254,4.548573,-24.999962,5127.9688
00569611,8.132273,-20.56964,10002.713
00569635,7.021094,-21.760155,7937.7856
00569666,4.865757,-23.733364,2231.5867
00569862,8.981197,-18.852278,10763.664
00569961,8.679898,-18.93706,8521.614
00581066,5.7910595,-21.971313,3829.1758
00581523,9.154512,-17.491793,8864.344
00581615,3.9018974,-22.522362,8722.05
00581684,4.90412,-22.139763,3307.0403
00581905,8.577757,-18.669964,13099.099
00582261,8.071269,-20.465378,17916.02
00582346,8.936058,-18.084784,9583.255
00582406,4.789787,-21.878654,3783.5703
00582466,2.648834,-21.310564,7151.151
00582995,4.505495,-20.541569,1390.7089
00583244,5.0087323,-22.576628,3241.3396
00583251,9.974348,-16.85019,9967.11
00583305,9.8999,-16.937521,8022.228
00583336,4.616164,-21.019796,1588.4434
00583824,9.507471,-17.894625,15334.973
00583886,4.571317,-22.795519,4328.03
00585392,9.276021,-18.056898,11441.067
00585491,3.73496,-23.55372,7719.557
00585668,2.0772269,-27.48164,18103.146
00585629,9.380736,-18.27227,13767.59
00586535,4.0417275,-26.279129,11755.425
00586662,7.294184,-20.377138,5962.8755
00586099,4.8784437,-24.372303,5279.997
00589069,5.088432,-24.689333,6142.51
00589192,4.531314,-22.697952,1260.1296
00589239,9.770919,-18.169098,8909.095
00589266,7.821127,-20.415852,5839.687
00589306,4.8777556,-22.852962,2076.9324
00589338,11.026638,-16.508411,11154.709
00589369,10.611879,-16.894129,11169.536
00589499,9.507339,-18.045403,9714.924
00590166,9.180262,-17.447079,10186.315
00590860,4.635279,-19.363585,3106.4387
00592663,7.860118,-19.863375,14312.961
00593006,4.4993706,-23.883862,7427.6475
00593519,5.4910774,-24.931108,21174.0
00595060,9.750491,-17.497166,9154.839
00595155,9.87528,-17.30996,9210.892
00595285,4.2382264,-22.08545,2971.2056
00595384,8.941484,-18.496561,10575.762
00596091,9.877145,-17.154375,7789.9136
00596602,5.0697827,-23.919943,7821.5234
00598484,1.6486912,-30.842339,24887.326
00600491,9.244293,-17.129248,11359.705
00601464,10.808577,-16.74357,24161.055
00601825,9.69824,-16.6623,10705.149
00602065,2.8723714,-22.977793,2517.2676
00603249,10.629975,-15.991558,10880.677
00604062,2.8501544,-27.937399,11539.335
00604306,3.5889502,-22.430243,927.0196
00604696,12.080054,-13.3961315,12109.476
00610308,9.750799,-17.539297,15225.858
00611268,3.3472476,-25.811356,6848.2896
00613156,5.5369015,-22.685196,3332.6938
00616195,10.174293,-16.836704,9579.854
00616413,3.6568556,-25.582846,6955.95
00618660,3.9181328,-26.037676,7311.342
00619356,10.660268,-16.915518,10682.4795
00620840,4.790429,-22.91964,4366.5674
00622080,4.582431,-25.042559,12313.107
00623391,2.660317,-26.935947,12471.218
00624190,10.38285,-17.51987,19555.303
00624824,2.5819478,-27.994102,16428.705
00626436,10.733811,-16.547625,11053.781
00626563,11.394127,-15.269245,11463.259
00626832,9.598713,-18.56689,15856.013
00630046,5.209886,-23.082567,5693.763
00630849,11.47387,-14.131788,14540.241
00631020,10.549954,-16.406073,12453.768
00631808,11.415696,-14.409626,12189.037
00631938,9.965987,-17.046194,18213.145
00632468,5.7929273,-21.866392,4726.7793
00632522,5.325343,-23.693083,10621.085
00636206,2.9047482,-25.93483,10050.451
00638203,10.311385,-18.254988,14491.698
00639026,6.9154406,-22.611977,7610.178
00639064,6.9954743,-22.069601,6428.6543
00639453,10.791767,-16.531157,9528.946
00639613,3.4901,-23.737108,5524.4966
00642859,9.451691,-17.901655,17982.383
00643336,4.1089296,-23.53579,3846.868
00644402,4.1524816,-26.419025,13403.168
00646369,8.448913,-19.828922,12726.413
00646052,3.9535632,-22.222267,865.96405
00649056,4.0872836,-24.021067,1282.118
00649346,10.5051365,-16.985512,8751.204
00652086,3.0805063,-22.036663,3166.4172
00652536,10.766258,-15.708721,12783.285
00653632,9.229539,-17.745623,10190.34
00654163,9.99677,-17.382605,13103.7
00654241,8.537174,-18.896124,6706.499
00655664,3.8131094,-23.984732,6170.698
00656306,8.226733,-19.82057,6315.5493
00656626,10.898425,-15.740557,9521.382
00656633,8.618439,-20.807161,22577.713
00656656,7.0904264,-20.818657,6610.433
00656818,10.6334915,-16.449598,12256.382
00656914,10.8985815,-15.908512,9972.872
00659680,9.7207,-17.719889,9044.649
00660065,3.8980398,-23.483479,5869.2646
00660082,4.250908,-23.950912,6388.2383
00660150,5.651101,-22.767694,8764.563
00660365,7.9133973,-18.699076,5922.991
00660396,7.51547,-20.99417,20862.434
00660456,4.7047243,-24.148052,11282.201
00661446,8.851186,-18.806622,15883.617
00661645,5.3509984,-24.508415,20668.33
00661669,6.4263954,-21.244434,9450.631
00662123,7.974484,-19.725876,7824.868
00662168,10.878839,-15.119936,9165.084
00662222,6.555648,-21.646793,6862.223
00662444,2.6732078,-23.909496,11579.99
00663014,10.764531,-16.478437,12362.413
00663489,9.625058,-16.871864,9519.188
00663600,9.618858,-17.670534,12137.24
00663693,3.737068,-25.90159,13281.537
00663861,4.4181013,-21.016953,2614.0293
00663960,3.1464589,-20.310047,5692.484
00664394,10.460626,-16.509613,14295.486
00664416,1.2814792,-24.320053,15370.404
00664964,8.8190775,-17.864397,8771.136
00666066,11.079188,-15.731031,9682.316
00666244,10.881057,-16.550049,13050.933
00666081,5.118096,-24.576487,7701.7812
00666234,9.739369,-18.10953,9915.213
00666401,11.123902,-16.081806,9571.077
00666531,8.197998,-20.11605,9356.335
00668040,10.028559,-18.33742,12366.031
00668156,9.774724,-19.371334,19298.6
00668262,9.193852,-18.887486,9704.314
00668309,8.648654,-19.799429,8434.763
00661216,4.493325,-24.451004,7820.498
00663921,6.5748496,-20.99226,5242.089
00664393,7.496628,-21.537899,18769.258
00666509,2.8992486,-24.87331,11017.564
00668018,6.5568666,-23.928995,14556.326
00668643,4.0008726,-22.099394,3829.748
00668862,9.795072,-18.311705,16827.084
00669869,7.3192725,-20.819946,6932.4316
00680059,2.6441934,-21.666468,7185.4136
00680261,9.473999,-16.780602,8514.768
00680325,8.678186,-17.990215,6910.2505
00681162,7.957333,-19.18358,6984.5645
00683104,9.162966,-19.377844,16300.556
00685108,9.161989,-18.993496,10882.729
00685245,4.203005,-25.535769,9393.768
00686143,10.34025,-17.518549,13425.98
00688314,8.181444,-20.440552,7969.251
00689168,9.63969,-18.36497,9255.788
00689281,10.108222,-17.539204,9382.536
00689426,3.5202823,-25.808979,10597.668
00689616,7.995754,-21.129045,12754.753
00690636,8.153592,-18.736988,10098.468
00692489,8.149214,-19.041988,10563.54
00692922,9.802105,-16.595997,9999.756
00693233,5.052697,-23.400265,5942.746
00693606,7.43921,-20.669254,10761.256
00694599,10.423732,-15.79162,10109.558
00694636,10.161779,-16.52332,9668.901
00694666,7.8280745,-19.221024,5393.385
00694611,5.531387,-22.8113,5691.7817
00695091,7.1372986,-21.996721,14404.603
00695855,4.541121,-22.935848,5905.4473
00696425,7.228913,-21.107128,6311.389
00696432,9.923101,-17.651169,10973.72
00696639,3.6543553,-26.035545,12281.131
00696936,6.742628,-21.267033,6133.2915
00696982,4.436329,-24.74605,9215.399
00696160,4.295954,-24.488468,7896.578
00696545,4.7700334,-24.546213,6751.4165
00696569,2.983318,-21.001905,3868.081
00696583,6.7645817,-21.897667,9533.474
00696590,4.366437,-22.992779,5481.6113
00696863,10.031763,-17.865967,17578.826
00698658,8.559399,-20.089014,14334.773
00699020,3.8671467,-24.369432,9477.452
00699560,9.803859,-18.177402,12131.234
00699594,8.627222,-19.649591,11484.623
00699668,10.184734,-17.040012,9951.041
00699822,4.3073277,-25.394644,11126.248
00700633,8.965302,-17.26335,7420.3647
00700664,7.529869,-19.068424,6616.079
00700931,10.235731,-15.318518,8221.604
00701560,9.254439,-17.083345,8545.355
00701693,3.9281209,-23.38158,2049.4292
00701609,3.229469,-20.24442,-273.4517
00702850,9.357779,-17.367224,11400.663
00703321,3.520619,-24.78762,7008.0996
00705162,8.817706,-19.116596,10953.728
00705660,11.257616,-15.230326,11738.186
00708456,12.164687,-14.963263,14537.1455
00709446,10.360749,-17.390669,10460.968
00709506,1.226198,-22.35173,6052.667
00710053,11.327147,-15.212889,15163.814
00710688,10.7156515,-15.072491,13366.504
00711128,7.399405,-21.183552,13995.575
00713504,10.078881,-16.927134,10362.293
00715096,3.6934366,-24.564798,1370.8202
00715836,3.111391,-21.71225,2043.7318
00716543,4.171897,-24.916735,4020.7102
00716581,2.5817072,-21.630205,2503.424
00718493,12.076614,-14.354551,10764.043
00719315,10.887147,-16.946547,10563.346
00719406,11.131604,-16.454546,9906.203
00721126,10.598316,-16.537651,14897.815
00721162,7.948569,-19.033804,5939.84
00721943,11.2711315,-14.230188,11042.479
00724066,2.9361358,-27.571436,10429.677
00724838,11.582769,-14.3227005,10327.733
00726863,3.1562607,-22.924814,4445.2925
00726266,11.053334,-16.015596,10404.281
00728133,9.974471,-19.134754,17884.178
00728539,10.8454,-16.437849,10479.588
00729031,7.988033,-21.787552,13122.806
00729093,9.161972,-19.883375,15612.029
00729192,8.00047,-20.696966,9073.813
00729291,9.011813,-19.096935,8969.571
00729856,10.08191,-17.281086,9735.038
00729932,8.212192,-21.760468,21748.254
00733526,4.2654557,-24.161318,4815.612
00733632,4.354746,-22.244537,2657.9006
00735659,6.27124,-21.948416,7012.5205
00735810,4.8812146,-24.118572,5310.933
00736319,12.280791,-14.665506,12240.538
00736913,3.94148,-25.845634,9306.611
00738095,9.43001,-20.092493,21918.62
00738101,8.1761875,-20.545895,6072.2964
00738910,2.9747431,-23.939857,9538.101
00740203,9.086057,-18.069817,9756.81
00740210,7.9902296,-21.013582,20090.094
00742221,10.99873,-15.816593,12503.529
00743866,4.0782804,-22.363173,1862.1653
00744492,3.3283443,-20.053246,-95.99819
00745130,9.330333,-18.904242,12581.111
00745642,4.899072,-23.546183,2924.1252
00746165,11.072291,-15.94689,11234.262
00746939,4.280968,-23.062748,2030.3108
00748483,3.3878856,-22.871668,2826.6963
